,full_text,sentiment
0,"A CUFA est√° em todo territ√≥rio nacional  e em parceria com a  vem fazendo a diferen√ßa nessa pandemia. Desde o in√≠cio, mobilizando e contribuindo para minimizar os danos causados pela Covid-19. As doa√ß√µes e arrecada√ß√µes permanecem. ",2
1,a segunda onda de covid t√° vindo,2
2,Meus vizinhos encontraram a cura pro Covid e est√£o fazendo festa pra mais de 100 pra assistir o jogo do Re x Pa,1
3," Papa Francisco disse que ""fofocar √© uma praga pior que a Covid-19"".

J√° imaginaram se fosse BOLSONARO dizendo isso?

""Ain, inconsequente""
""Ain, desrespeitou os mortos""
""Ain, irrespons√°vel""

- Ranfolfe Rodrigues j√° estaria no STF
- PSOL pedindo impeachment, etc",2
4, Nem na quarentena fiquei sem sol. Por isso acredito que eu e minha familia vencemos a covid sem tomarmos nenhuma medica√ß√£o. Gra√ßas a Deusüôè,3
5,A minha pergunta sempre que se fala do covid ,2
6, KKKKKKKKKKKKK mundo sem covid eu era feliz e n sabia,1
7,"#Edicao15

Os rep√≥rteres da Globo, que viraram fiscais do Covid, ficam provocando o pessoal que est√° na praia, mas n√£o falam nada da festa de anivers√°rio do Huck, aonde as m√°scaras e o afastamento social foram para a casa do caralho.

Empresa fodida que faz jornalismo de √≥dio",1
8," Ah, sim! Pq ser tratados igual bicho n√£o d√° tempo de pegar covid, mas tirar um tempo para cuidar da sa√∫de mental, se distrair, passear, se divertir e adquirir vitamina D de gra√ßa... a√≠ n√£o pode... Ain, tudo lotado vai pegar covid! Hipocrisia",1
9,Voc√™s receberam um e-mail dizendo que o covid acabou e pode voltar as aglomera√ß√µes? Por que eu j√° olhei at√© no lixo eletr√¥nico e n√£o achei,1
10,"Um quarto dos brasileiros resiste √† ideia de se vacinar contra Covid-19, diz Estad√£o  A ci√™ncia conduzida atabalhoadamente √© pior que a falta de ci√™ncia (HCQ+AZIT+ZINCO+IVERM)",2
11," Para 67%, Bolsonaro n√£o √© o respons√°vel pelas mortes por Covid-19.                       33% s√£o parentes de deputados, senadores, governadores, prefeitos e ministros do STF",1
12,Duas op√ß√µes de janta pra sua festa 126.266 mortes por covid e 4.123.000 casos de covid,1
13,Voc√™s t√£o tipo COVID j√° n√£o existe fr,1
14,"  Isso √© culpa do covid, fala isso para o v√≠rus. ",1
15,"Revoltante!!! Voc√™ paga muito caro para assistir o Brasileir√£o. Liga a tv para se divertir, e a primeira coisa que a transmiss√£o te mostra √© um n√∫mero falso, mentiroso, de v√≠timas fatais da Covid-19. Somos manipulados por um canal de tv. Absurdo!!! At√© quando???",1
16,"""festa de viado doido"" √© um termo que vou usar sempre, apenas reaplicando √†s novas realidades: covid, bomba nuclear, ataque zumbi, invas√£o alien√≠gena, reelei√ß√£o do bolsonaro...",1
17,Tudo que eu queria nessa minha vida √© voltar pra apucarana. Pena que se eu falar de ir minha m√£e surta falando que eu vou pegar covid no √¥nibus KKK A F,2
18,Tem umas pessoas que eu olho os storys e fico pensando COMO que nao pegou covid ainda????????,1
19," n√£o, eles est√£o fazendo isolamento de 15 dias antes da estreia, e v√£o fazer teste pra covid na hora. quem testar positivo n√£o entra",2
20,"A CUFA est√° em todo territ√≥rio nacional  e em parceria com a  vem fazendo a diferen√ßa nessa pandemia. Desde o in√≠cio, mobilizando e contribuindo para minimizar os danos causados pela Covid-19. As doa√ß√µes e arrecada√ß√µes permanecem. ",3
21, devo ter covid n√£o chega perto,2
22,Que lindo! Em angra j√° acharam a cura do covid üôèüôèüôè,1
23, Os fatos. Eu entendo a parte de n√£o gravar por conta do covid. Mas √© ineg√°vel que eles deixaram um casal de lado porque conseguiram concluir todas as cenas do outro,2
24," em casa, firme e forte. com pena dos fracos que ""nao aguentam mais falar de covid"" e seguem matando.",3
25,sou do Cear√° e at√© onde sei aqui √© o 3¬∞ estado com maior √≠ndice do covid!! mana esse blogueiro ai ta loc√£o no √°lcool s√≥ pode ,2
26, Mas essas aglomera√ß√µes v√£o ter resultar em mais casos de Covid e de uso do sistema p√∫blico de sa√∫de nos pr√≥ximos dias. A quest√£o √©: essas pessoas que sa√≠ram de casa por op√ß√£o v√£o compreender sua responsabilidade nos pr√≥ximos aumento de casos??,2
27,"Covid-19: 59% acreditam que pandemia vai afetar elei√ß√µes municipais, diz Ibope
",2
28,"Senador postou an√∫ncio em redes sociais.

Confira:

#ODia
",2
29,"Queria ser rico, que n√£o existisse Covid e queria estar num chelezinho em Campos do Jord√£o cm a Nath√°lia. Saudade daquele lugar.",2
30, O que √© covid pra quem est√° COM DEUS!!!!ü§ù,3
31," Um livro sobre o impacto do covid

Credo kdjdhdn",1
32," PQP!! Mas √© burro hein?! Volta pra maromba perninha de frango!!
O desrespeito com as fam√≠lias de 126.000 mortes por Covid-19 n√£o fazem diferen√ßa alguma pra essa gente n√£o?? üò∑üö©üëäüí•",1
33,"T√¥ vendo geral nas praias como se n√£o existisse covid e lembrando que quando viajei dias atr√°s, fui e voltei morrendo de medo, tomando todos os cuidados e sem falar que consegui sair de casa enquanto estava l√°... sim! Eu sou trouxa demais por n√£o ter aproveitado como eu queria!",1
34,aleat√≥rio e tals qnd 2020 n tinha covid  ,2
35,n√£o tem a menor possibilidade de eu ir p praia nem sem covid eu gosto de ver gente tumultuando imagina s√≥ agora,1
36,Odeio comprar maquiagem pela internet covid vc me paga,1
37," Da medo, n√£o do covid, e nem da multa por andar sem m√°scara, + medo de ser morto por estes ""ca√ßadores"" de humanos sem m√°scaras que vivem em busca duma nova presa todos os dias.üò™",1
38,"precisei sair esses dias de √¥nibus e que bom que j√° temos a vacina pro covid, neto ü§©",1
39,Covid-19: Israel ultrapassa o milhar de mortos e pondera novas restri√ß√µes ,2
40,Covid-19: Pelo menos 880.396 pessoas j√° morreram em todo o mundo ,2
41, Suspeita de covid more,1
42,Covid-19: Portugal contabiliza mais dois mortos e 315 casos de infe√ß√£o ,2
43,geral na praia e fodaci covid,1
44,"""Covid-19: Praias voltam a lotar no domingo pr√©-feriado"" Onde que as pessoas colocam na cabe√ßa que estamos numa pandemia do novo coronav√≠rus vamos a praia, t√° tranquilo de n√£o pegar resultado brasileiros sei n√£o a cada dia s√≥ passam mais vergonha  ",1
45,"Ter√≠amos um outro governo dedicado ao combate do COVID-19 com menos da metade dos 126 mil mortos.

",2
46,Covid-19: UFRJ desenvolve teste sorol√≥gico 20 vezes mais barato  via  ,2
47,"O pior pra mim nisto tudo do Covid √© saber que n√£o posso estar com o meu av√¥. Ele √© doente de risco, e nem sequer posso matar saudades por video-chamada porque ele n√£o v√™...",1
48,"   permitir queimar a Amaz√¥nia e o Pantanal  √© o certo? Liberar geral os agrot√≥xicos √© o certo? N√£o liberar o $ para a sa√∫de nessa pandemia √© o certo? Recomendar rem√©dio sem efic√°cia comprovada para  o Covid-19 √© o certo? 
S√≥ para listar algumas das suas sandices!!!",1
49,Vamos a festa de anos do que se apega mais r√°pido que o covid ,2
50,"Manos por favor, COVID n√£o tem uma cl√°usula assinada na qual ele infectar√° o indiv√≠duo APENAS se na reuni√£o houver mais de 5 pessoas
Vejo gente criticando o bar at√© virar do avesso e reunindo com 4 pessoas que n√£o moram c ela.

Aglomera√ß√£o √© mais quest√£o de chance de cont√°gio Z√©",1
51,"""Fofoca √© peste pior que a Covid-19"", diz papa Francisco  /Foi por essas e outra que deus deu um rabic√≥ p cada um p que cada um cuidasse do seus rabic√≥ pr√≥prio n√©?Quem fala pouco erra menos...",1
52,Aqui parece que encontraram a vacina do covid por que a beira do rio est√° lotada de gente ü§¶‚Äç‚ôÄÔ∏èü§¶‚Äç‚ôÄÔ∏è,1
53," Eu cheguei num ponto que eu nem reclamo mais, eu s√≥ falo ""se pegar covid eu t√¥ pouco me fudendo"" e vida que segue 
Por√©m, o nosso momento na praia vai vir p√≥s esse inferno",1
54,"a realidade √© que tudo s√≥ vai come√ßar a dar certo em 2020 quando o mamamoo fizer um comeback

provavelmente 01 dia depois do comeback a vacina do covid fica pronta e o mundo volta a ficar em paz",2
55,"A CUFA est√° em todo territ√≥rio nacional  e em parceria com a  vem fazendo a diferen√ßa nessa pandemia. Desde o in√≠cio, mobilizando e contribuindo para minimizar os danos causados pela Covid-19. As doa√ß√µes e arrecada√ß√µes permanecem. Boa ",2
56,"Papa Francisco compara fofoca √† covid-19 e pede para que fi√©is ofere√ßam seu sil√™ncio aos irm√£os e irm√£s, em vez de fofocar. ",2
57,algu√©m sabe me dizer se o pessoal que t√° indo pra praia j√° descobriu a vacina pro covid?,1
58,"Meu deus, as  praias lotadas em plena pandemia.
Eita u trampolim pro covid . Cuidado pessoal com a aglomera√ßao",1
59,"A  tbm se curou. √îpa, ü§≠ Desculpa. Disse q foi desmentida pelo hospital. O que leva uma pessoa a mentir a respeito de uma doen√ßa t√£o grave como o Covid-19? N√£o tem medo d brincar com coisa s√©ria? Olha, se arrependimento matasse, nenhum de vcs estaria no Congresso. ",1
60,"Achei meus ingressos pro show do Harry ü•∫

Poxa covid ",1
61,o melhor dos domingos pra mim era poder passar o dia todo for de casa pau no cu do covid,1
62,gnt apenas aceitem q o covid nunca vai ser controlado no brasil a gnt nunca vai ter bandeira branca pra sair da quarentena a vacina nao vai ser oq vai fazer isso acontecer e ainda q seja realisticamente esperam q isso aconteca apenas no 2o semestre de 2021,1
63," tenso
domingo foi pra praia
domingo pegou covid
domingo morreu",1
64,"Ficar em casa por conta do covid t√° t√£o chato, que sair caminhar com os amigos no final da tarde e postar ""Caminhada de hj ta paga"", √© um rol√™ e tanto.

Jovens, continuem inventando mais moda, mas usem m√°scara e mantenham distanciamento.",2
65," Antes de p√¥r o celular pra carregar...vejo nas postagens da outra rede social,muita gente na praia... parece que o COVID 19 foi erradicado do mundo j√°, domingo de sol v√£o a praia,mas o/a filho (a) n√£o retorna as aulas se permitirem o retorno presencial 
Em fim a hipocrisia",1
66,"t√° todo mundo pegando essa tal de covid, ela deve ser bem bonita mesmo",2
67,vou ter que sair do instagram de novo pra n√£o sair dando unfollow em todo mundo que t√° pouco se fudendo pra covid,1
68,"  Morre em 26 de agosto, de Covid, o piloto que salvou o pa√≠s e o Presidente Sarney de um atentato terrorista :
Fernando Murilo de Lima",2
69,   O imbecil n√£o deve ter filho. Os meus n√£o voltam. Os professores est√° trabalhando em aulas online.que venha logo a vacina. Do covid e da febre aftosa para esse bando de gado,1
70, E o restante da porcentagem s√£o os governadores e prefeitos respons√°veis direto e com o apoio do STF pelas mortes de brasileiros com covid 19.,2
71," Ele quer muito GRANA para ele e a fam√≠lia,para o POV√ÉO
ele quer a morte pela COVID.",1
72,"A cura do covid j√° chegou n√©? Geral na praia, festinha rolando, acho que n√£o vivo no mesmo mundo que essa galera.",1
73,   Em 2 semanas vem o jornalista do DF1 e pergunta onde est√° o governador do DF que n√£o se pronuncia pelas mortes de COVID-19.,2
74,√© na praia q t√£o  dando a vacina do covid???,1
75,"era pra ser um dia de paz, at√© que no grupo....

[6/9 16:17] Lic√£o üêé: Eu e Ana Paula tava com covid s√≥ pode pra tu sumir assim
[6/9 16:17] d√™‚õëÔ∏è: Enfia ela no cu rapaz
[6/9 16:17] Lic√£o üêé: Nao sou incoveniente!! T√¥ me sentindo o cravo do docinho de coco, todo mundo me exclui",2
76, Sqn! Tipo eu nao posso tar sossegada que alguem ja quer comparar a minha mao √° mao dela/ dele! Ainda bem que com o covid ninguem vai me fazer isso,2
77," Ele n√£o estava com COVID, estava com hemorr√≥ida!",2
78,"A CUFA est√° em todo territ√≥rio nacional  e em parceria com a  vem fazendo a diferen√ßa nessa pandemia. Desde o in√≠cio, mobilizando e contribuindo para minimizar os danos causados pela Covid-19. As doa√ß√µes e arrecada√ß√µes permanecem. ",2
79,"E n√£o, as pessoa n√£o s√£o solid√°rias, elas n√£o se importam com as outras, elas simplesmente est√£o pensando no pr√≥prio rabo. 

Se voc√™ acha que fazer uma doa√ß√£o pra qualquer lugar te torna algu√©m do bom e voc√™ sai por a√≠ espalhando essa porra de covid, voc√™ √© sim um pau no cu!",1
80,"Eu de plant√£o no centro covid, e s√≥ pedindo a Deus pra minha escala do m√™s q vem ser menos intensa. A√≠ vejo as reportagens dos bares da cidade. Logo volto a me programar na escala. Daqui uma semana bombaremos",1
81," Acaba logo juiz, covid na √°rea",2
82,Se √© COVID-19 porque raio apareceu em 2020?,2
83, Aham...sei...morreu de covid...at√© quando querem enganar o povo?,1
84,"o lado bom de estar todo mundo na praia √© que o hospital t√° super vazio hoje, o foda vai ser quando o povo voltar, se n√£o tiver covid vai ter virose",1
85,"Desde o in√≠cio do ano, a cada vez que leio mais sobre os sintomas e consequ√™ncias do Covid-19 eu s√≥ lembro de uma gripe fudida que eu tive em janeiro de 2016, acho que nunca me senti t√£o mal. Agora fico pensando se n√£o foi algum v√≠rus parecido da mesma fam√≠lia...",2
86,E esse povinho que descobriu que a cura do covid t√° na √°gua do mar... pq n√©.,1
87,"Comecei a sentir uma dor estranha a minha m√£e ""pode aguentando covid t√° a√≠, n√£o d√° para ir pro hospital n√£o""",2
88,mano COMO q uma pessoa dessas ainda nao pegou covid????,1
89, Mentira tu nunca teve covid vagabundo tu tava mesmo era com medo das investiga√ß√£o filho da √©gua safado sem vergonha,1
90,"Mas a  est√° de palha√ßada mesmo. Est√£o achando que meu dinheiro √© capim. Enquanto o pa√≠s padece com a pand√™mia de COVID, que √© um problema s√©rio ""desinforma√ß√£o"", voc√™s gastando tempo na defesa desse in√©pto.",1
91,"A covid veio pra devastar minha fam√≠lia, ela t√° machucando demais nossos cora√ß√µes, dessa vez √© o irm√£o do meu pai, √© meu tio, √© o companheiro da minha v√≥, t√° doendo tio, mas descansa, todos n√≥s sabemos que voc√™ lutou demais, te amamos eternamente üò¢üíî ",1
92,Que vontade de sair de carro rebaixado na madrugada com os amigos. Apenas. Covid filha da puta,1
93," Assistindo US open em casa ..
Ningu√©m aguenta mais falar de covid ! Um abra√ßo",1
94,eu odeio o fato de visitarem a gente no s√≠tio como se eles n√£o pudessem trazer covid filhos da puta quero que morram ü•∞,1
95,"A CUFA est√° em todo territ√≥rio nacional  e em parceria com a  vem fazendo a diferen√ßa nessa pandemia. Desde o in√≠cio, mobilizando e contribuindo para minimizar os danos causados pela Covid-19. As doa√ß√µes e arrecada√ß√µes permanecem. ",2
96,  Os casos de covid est√£o aumentando na Cro√°cia. Rezando pra lenda n√£o pegar üôåüèΩüôåüèΩüò≠,1
97, l√° n√£o tem covid.....,2
98,"""pandemia comunista"", ""ditadura do covid"", ""inventaram essa pandemia p acabar com o governo do bolsonaro"" ...quando eu penso que o brasileiro n√£o pode ficar mais burro, ele vai l√° e me surpreende",1
99,"Quais s√£o os seus planos para este domingo? 
E para o feriado de 7 de setembro? 

Nos conte se a pandemia mudou seus h√°bitos na pesquisa: 

Foto de Iz &amp; Phil/ Unsplash ",2
